Full_Address,Distance_Miles
"Abington, MA 02351",35.93
"Acton, MA 01718",13.43
"Allston, MA 02134",13
"Amesbury, MA 01913",39.73
"Amherst, NH 03031",38.82
"Arlington, MA 02474",7.78
"Ashby, MA 01431",36.26
"Ashland, MA 01721",21.55
"Atkinson, NH 03811",35.38
"Auburndale, MA 02466",11.71
"Avon, MA 02322",31.16
"Ayer, MA 01432",20.6
"Bedford, MA 01730",3.74
"Bellingham, MA 02019",34.24
"Belmont, MA 02478",7.89
"Berlin, MA 01503",23.83
"Beverly, MA 01915",34.92
"Billerica, MA 01821",7.32
"Blackstone, MA 01504",39.17
"Bolton, MA 01740",21.17
"Boston, MA 02108",15.91
"Boxborough, MA 01719",16.99
"Boxford, MA 01921",27.94
"Boylston, MA 01505",30.81
"Braintree, MA 02184",26.97
"Brighton, MA 02135",12.05
"Brockton, MA 02301",36.16
"Brookline, MA 02445",13.53
"Brookline, NH 03033",34.3
"Burlington, MA 01803",7.03
"Byfield, MA 01922",33.36
"Cambridge, MA 02138",10.66
"Canton, MA 02021",25.58
"Carlisle, MA 01741",8.27
"Charlestown, MA 02129",14.21
"Chelmsford, MA 01824",12.55
"Chelsea, MA 02150",15.62
"Chestnut Hill, MA 02467",12.66
"Clinton, MA 01510",25.47
"Cohasset, MA 02025",34.74
"Concord, MA 01742",6.33
"Danvers, MA 01923",24.26
"Dedham, MA 02026",18.62
"Derry, NH 03038",32.78
"Devens, MA 01434",23.89
"Dorchester, MA 02121",18.51
"Dover, MA 02030",19.99
"Dracut, MA 01826",17.04
"Dunstable, MA 01827",22.07
"Essex, MA 01929",36.22
"Everett, MA 02149",14.08
"Fayville, MA 01745",22.26
"Fitchburg, MA 01420",34.87
"Foxboro, MA 02035",35.23
"Framingham, MA 01701",18.18
"Franklin, MA 02038",32.84
"Georgetown, MA 01833",32.49
"Grafton, MA 01519",35.15
"Greenville, NH 03048",39.76
"Groton, MA 01450",21.01
"Groveland, MA 01834",30.12
"Hampstead, NH 03841",35.38
"Harvard, MA 01451",20.64
"Haverhill, MA 01830",32.7
"Hingham, MA 02043",32.27
"Holbrook, MA 02343",33.39
"Holden, MA 01520",36.64
"Hollis, NH 03049",29.13
"Holliston, MA 01746",25.31
"Hopedale, MA 01747",32.92
"Hopkinton, MA 01748",27.11
"Hudson, MA 01749",20.35
"Hudson, NH 03051",25.8
"Hull, MA 02045",37.85
"Hyde Park, MA 02136",19.89
"Ipswich, MA 01938",33.91
"Jamaica Plain, MA 02130",15.98
"Jefferson, MA 01522",38.75
"Lancaster, MA 01523",26.6
"Lawrence, MA 01840",22.1
"Leominster, MA 01453",31.75
"Lexington, MA 02420",3.64
"Lincoln, MA 01773",5.41
"Litchfield, NH 03052",32.42
"Littleton, MA 01460",16.65
"Londonderry, NH 03053",32.98
"Lowell, MA 01850",16.14
"Lunenburg, MA 01462",31.25
"Lynn, MA 01901",19.92
"Lynnfield, MA 01940",16.21
"Malden, MA 02148",14.54
"Manchester, MA 01944",36.35
"Marblehead, MA 01945",26.78
"Marlborough, MA 01752",20.48
"Mattapan, MA 02126",18.9
"Maynard, MA 01754",13.78
"Medfield, MA 02052",24.07
"Medford, MA 02155",10.85
"Medway, MA 02053",28.67
"Melrose, MA 02176",13.92
"Mendon, MA 01756",34.23
"Merrimac, MA 01860",35.54
"Merrimack, NH 03054",34.71
"Methuen, MA 01844",24.58
"Middleton, MA 01949",22.36
"Milford, MA 01757",31.05
"Millis, MA 02054",26.15
"Milton, MA 02186",23.85
"Nahant, MA 01908",23.02
"Nashua, NH 03060",24.61
"Natick, MA 01760",17.28
"Needham, MA 02492",18.08
"Newbury, MA 01951",39.04
"Newton, MA 02458",10.81
"Newton, NH 03858",36.65
"Norfolk, MA 02056",29.81
"North Andover, MA 01845",23.28
"North Easton, MA 02356",35.9
"Northborough, MA 01532",26.68
"Northbridge, MA 01534",34.42
"Norwell, MA 02061",37.69
"Norwood, MA 02062",26.12
"Peabody, MA 01960",22.84
"Pelham, NH 03076",21.45
"Pepperell, MA 01463",26.97
"Plainville, MA 02762",39.56
"Plaistow, NH 03865",34.03
"Princeton, MA 01541",36.93
"Quincy, MA 02169",25.39
"Randolph, MA 02368",30.37
"Reading, MA 01867",15.13
"Revere, MA 02151",17.48
"Rockland, MA 02370",37.74
"Roslindale, MA 02131",18.23
"Rowley, MA 01969",34.81
"Roxbury, MA 02119",16.47
"Salem, MA 01970",23.02
"Salem, NH 03079",28.73
"Sandown, NH 03873",39.77
"Saugus, MA 01906",16.22
"Scituate, MA 02066",39.83
"Sharon, MA 02067",35.13
"Sherborn, MA 01770",19.97
"Shirley, MA 01464",25
"Shrewsbury, MA 01545",34.3
"Somerville, MA 02143",12.54
"South Hamilton, MA 01982",30.78
"Southborough, MA 01772",23.44
"Sterling, MA 01564",29.98
"Stoneham, MA 02180",11.48
"Stoughton, MA 02072",32.73
"Stow, MA 01775",16.1
"Sudbury, MA 01776",12.51
"Swampscott, MA 01907",22.91
"Tewksbury, MA 01876",13.48
"Topsfield, MA 01983",26.97
"Townsend, MA 01469",29.61
"Tyngsboro, MA 01879",18.68
"Upton, MA 01568",31.81
"Waban, MA 02468",11.63
"Wakefield, MA 01880",13.18
"Walpole, MA 02081",29.79
"Waltham, MA 02451",6.3
"Watertown, MA 02472",9.6
"Wayland, MA 01778",10.99
"Wellesley, MA 02482",15.93
"Wenham, MA 01984",28.84
"West Bridgewater, MA 02379",39.29
"Westborough, MA 01581",28.72
"Westford, MA 01886",15.94
"Weston, MA 02493",9.9
"Westwood, MA 02090",22.86
"Weymouth, MA 02188",29.32
"Whitinsville, MA 01588",37.27
"Whitman, MA 02382",39.09
"Wilmington, MA 01887",13.12
"Winchester, MA 01890",7.5
"Windham, NH 03087",26.34
"Winthrop, MA 02152",20.13
"Woburn, MA 01801",9.08
"Wrentham, MA 02093",34.03
"Somerset, MA 02726",65
