Full_Address,Distance_Miles
"Abington, MA 02351",36.79
"Acton, MA 01718",13.44
"Acton, MA 01720",12.6
"Allston, MA 02134",19.57
"Andover, MA 01810",21.76
"Arlington, MA 02474",10
"Arlington, MA 02476",8.24
"Ashland, MA 01721",26.28
"Atkinson, NH 03811",38.18
"Auburndale, MA 02466",10.4
"Avon, MA 02322",31.51
"Ayer, MA 01432",21.15
"Bedford, MA 01730",3.72
"Belmont, MA 02478",7.88
"Berlin, MA 01503",28.26
"Beverly, MA 01915",30.04
"Billerica, MA 01821",7.33
"Bolton, MA 01740",24.73
"Boston, MA 02108",21.54
"Boston, MA 02109",22.84
"Boston, MA 02110",20.98
"Boston, MA 02111",21.72
"Boston, MA 02113",20.9
"Boston, MA 02114",20.73
"Boston, MA 02115",21.06
"Boston, MA 02116",21.56
"Boston, MA 02118",23.15
"Boston, MA 02133",21.01
"Boston, MA 02163",19.18
"Boston, MA 02199",20.69
"Boston, MA 02203",20.81
"Boston, MA 02210",21.75
"Boston, MA 02215",22.43
"Boston, MA 02222",20.77
"Boxborough, MA 01719",16.13
"Boxford, MA 01921",30.15
"Boylston, MA 01505",37.82
"Braintree, MA 02184",30.74
"Brighton, MA 02135",16.77
"Brockton, MA 02301",36.25
"Brockton, MA 02302",37.15
"Brookline, MA 02445",17.6
"Brookline, MA 02446",18.83
"Burlington, MA 01803",6.95
"Byfield, MA 01922",35.01
"Cambridge, MA 02138",11.42
"Cambridge, MA 02139",19.75
"Cambridge, MA 02140",10.65
"Cambridge, MA 02141",21.15
"Cambridge, MA 02142",21.66
"Canton, MA 02021",25.39
"Carlisle, MA 01741",8.68
"Charlestown, MA 02129",19.47
"Chelmsford, MA 01824",15.47
"Chelsea, MA 02150",22.39
"Chestnut Hill, MA 02467",15.6
"Clinton, MA 01510",28.99
"Concord, MA 01742",5.97
"Danvers, MA 01923",23.94
"Dedham, MA 02026",17.95
"Devens, MA 01434",25.7
"Dorchester, MA 02124",27.44
"Dorchester, MA 02121",22.1
"Dorchester, MA 02122",26.28
"Dorchester, MA 02125",25.08
"Dover, MA 02030",18.94
"Dracut, MA 01826",18.98
"Dunstable, MA 01827",25.87
"Boston, MA 02128",22.98
"Walpole, MA 02032",28.47
"Weymouth, MA 02189",35.83
"Essex, MA 01929",35.26
"Everett, MA 02149",18.58
"Fayville, MA 01745",24.38
"Fitchburg, MA 01420",34.42
"Foxborough, MA 02035",35.06
"Framingham, MA 01701",18.78
"Framingham, MA 01702",22.33
"Georgetown, MA 01833",33.67
"Gloucester, MA 01930",36.98
"Groton, MA 01450",26.95
"Groveland, MA 01834",35.56
"Hanscom AFB, MA 01731",1.66
"Harvard, MA 01451",21.17
"Haverhill, MA 01830",38.02
"Haverhill, MA 01832",34.1
"Haverhill, MA 01835",35.25
"Hingham, MA 02043",39.98
"Holbrook, MA 02343",34.24
"Hollis, NH 03049",35.77
"Holliston, MA 01746",25.13
"Hopedale, MA 01747",39.13
"Hopkinton, MA 01748",32.62
"Hudson, MA 01749",19.94
"Hudson, NH 03051",29.56
"Hyde Park, MA 02136",23.55
"Ipswich, MA 01938",33.45
"Jamaica Plain, MA 02130",19.56
"Lancaster, MA 01523",28.4
"Lawrence, MA 01840",28.41
"Lawrence, MA 01841",28.44
"Lawrence, MA 01843",25.7
"Leominster, MA 01453",28.53
"Lexington, MA 02420",3.62
"Lexington, MA 02421",3.95
"Lincoln, MA 01773",5.05
"Litchfield, NH 03052",36.17
"Littleton, MA 01460",16.93
"Lowell, MA 01850",18.08
"Lowell, MA 01851",16.67
"Lowell, MA 01852",17.61
"Lowell, MA 01854",19.72
"Lunenburg, MA 01462",33.06
"Lynn, MA 01901",22.29
"Lynn, MA 01902",22
"Lynn, MA 01904",19.81
"Lynn, MA 01905",19.96
"Lynnfield, MA 01940",14.84
"Malden, MA 02148",16.72
"Manchester-by-the-Sea, MA 01944",31.23
"Mansfield, MA 02048",38.72
"Marblehead, MA 01945",28.13
"Marlborough, MA 01752",21.98
"Mattapan, MA 02126",28.33
"Maynard, MA 01754",13.45
"Medfield, MA 02052",25.46
"Medford, MA 02155",15.6
"Medway, MA 02053",31.65
"Melrose, MA 02176",15.27
"Merrimack, NH 03054",36.95
"Methuen, MA 01844",26
"Middleton, MA 01949",19.35
"Milford, MA 01757",37.26
"Millis, MA 02054",29.39
"Milton, MA 02186",27.13
"Nahant, MA 01908",25.78
"Nashua, NH 03060",28.59
"Nashua, NH 03062",29.23
"Nashua, NH 03063",32.1
"Nashua, NH 03064",33.73
"Natick, MA 01760",17.41
"Needham, MA 02494",14.17
"Needham, MA 02492",16.18
"Newton, MA 02459",15.88
"Newton, MA 02461",13.91
"Newton, MA 02462",11.17
"Newton, MA 02464",13.02
"Newton, MA 02458",15.75
"Newton, MA 02460",14.03
"Norfolk, MA 02056",30.94
"Andover, MA 01845",25.1
"Billerica, MA 01862",13.35
"Chelmsford, MA 01863",18.32
"Easton, MA 02356",37.07
"Reading, MA 01864",16.06
"Weymouth, MA 02191",34.76
"Northborough, MA 01532",35.72
"Northbridge, MA 01534",39.03
"Norwood, MA 02062",24.07
"Peabody, MA 01960",20.49
"Pelham, NH 03076",23.38
"Pepperell, MA 01463",30.61
"Plaistow, NH 03865",38.18
"Quincy, MA 02169",31.08
"Quincy, MA 02170",32.34
"Quincy, MA 02171",29.09
"Randolph, MA 02368",29.39
"Reading, MA 01867",13.97
"Revere, MA 02151",25.71
"Roslindale, MA 02131",19.66
"Rowley, MA 01969",38.12
"Roxbury, MA 02120",21.99
"Roxbury, MA 02119",22.96
"Salem, MA 01970",23.51
"Salem, NH 03079",31.83
"Saugus, MA 01906",22.13
"Sharon, MA 02067",30.34
"Sherborn, MA 01770",19.79
"Shirley, MA 01464",26.4
"Shrewsbury, MA 01545",38.14
"Somerville, MA 02143",12.48
"Somerville, MA 02144",11.33
"Somerville, MA 02145",17.88
"Boston, MA 02127",23.68
"Easton, MA 02375",36.91
"Grafton, MA 01560",39.96
"Hamilton, MA 01982",28.33
"Walpole, MA 02071",32.49
"Weymouth, MA 02190",35.09
"Southborough, MA 01772",26.84
"Sterling, MA 01564",34.04
"Stoneham, MA 02180",12.58
"Stoughton, MA 02072",29.32
"Stow, MA 01775",15.1
"Sudbury, MA 01776",13.31
"Swampscott, MA 01907",24.79
"Tewksbury, MA 01876",16.1
"Topsfield, MA 01983",26.51
"Townsend, MA 01469",35.94
"Tyngsborough, MA 01879",22.49
"Upton, MA 01568",36.42
"Newton, MA 02468",12.04
"Wakefield, MA 01880",13.48
"Walpole, MA 02081",26.45
"Waltham, MA 02451",6.34
"Waltham, MA 02452",6.92
"Waltham, MA 02453",9.5
"Watertown, MA 02472",9.6
"Wayland, MA 01778",12.49
"Wellesley, MA 02481",12.87
"Wellesley, MA 02482",14.49
"Wenham, MA 01984",26.39
"Boylston, MA 01583",39.07
"Newton, MA 02465",13.35
"Roxbury, MA 02132",17.38
"Townsend, MA 01474",38.39
"Westborough, MA 01581",30.84
"Westford, MA 01886",22.48
"Westminster, MA 01473",38.88
"Weston, MA 02493",9.21
"Westwood, MA 02090",20.79
"Weymouth, MA 02188",33.94
"Whitman, MA 02382",39.77
"Wilmington, MA 01887",15.24
"Winchester, MA 01890",7.5
"Windham, NH 03087",35.48
"Winthrop, MA 02152",26.62
"Woburn, MA 01801",9.33
"Wrentham, MA 02093",37.52
